{
    "meta": {
        "table": "system_metrics",
        "schema": {
            "id": "integer",
            "metric_type": "string",
            "metric_name": "string",
            "metric_value": "float",
            "metric_unit": "string",
            "status": "string",
            "recorded_at": "datetime"
        },
        "auto_increment": 2,
        "created_at": "2025-06-03 12:53:38",
        "updated_at": "2025-06-03 12:53:38"
    },
    "data": [
        {
            "metric_type": "cpu",
            "metric_name": "cpu_usage",
            "metric_value": 25.5,
            "metric_unit": "%",
            "status": "normal",
            "id": 1,
            "created_at": "2025-06-03 12:53:38",
            "updated_at": "2025-06-03 12:53:38"
        }
    ]
}