{
    "meta": {
        "table": "email_logs",
        "schema": {
            "id": "integer",
            "to_email": "string",
            "subject": "string",
            "body": "text",
            "status": "string",
            "sent_at": "datetime"
        },
        "auto_increment": 2,
        "created_at": "2025-06-03 12:53:38",
        "updated_at": "2025-06-03 12:53:38"
    },
    "data": [
        {
            "to_email": "test@example.com",
            "subject": "欢迎使用AlingAi Pro",
            "body": "感谢您注册AlingAi Pro...",
            "status": "sent",
            "id": 1,
            "created_at": "2025-06-03 12:53:38",
            "updated_at": "2025-06-03 12:53:38"
        }
    ]
}