{
    "name": "alingai/pro",
    "description": "AlingAi Pro - Advanced PHP-based AI Documentation Platform",
    "type": "project",
    "license": "MIT",
    "version": "2.0.0",
    "require": {
        "php": ">=7.4.0",
        "slim/slim": "^4.10",
        "slim/psr7": "^1.6",
        "psr/http-message": "^1.0",
        "psr/http-server-middleware": "^1.0",
        "firebase/php-jwt": "^5.0",
        "vlucas/phpdotenv": "^5.5",
        "monolog/monolog": "^2.9",
        "guzzlehttp/guzzle": "^7.8",
        "ramsey/uuid": "^4.7"
    },
    "require-dev": {
        "phpunit/phpunit": "^9.6",
        "phpstan/phpstan": "^1.10"
    },
    "autoload": {
        "psr-4": {
            "AlingAi\\": "src/"
        }
    },
    "scripts": {
        "serve": "php -S localhost:8000 -t public/",
        "dev": "php -S localhost:8000 -t public/ public/index.php"
    },
    "config": {
        "optimize-autoloader": true,
        "preferred-install": "dist",
        "sort-packages": true
    },
    "minimum-stability": "stable",
    "prefer-stable": true
}
