{
    "meta": {
        "auto_increment": 2,
        "updated_at": "2025-06-03 12:55:32"
    },
    "data": [
        {
            "username": "test_user",
            "email": "test@example.com",
            "password": "$2y$10$N9OYgGsfT4JEaqZfdLyP\/.SJ8dIm4iTW4WA9EiY1LRtJj84buHEBW",
            "avatar": "\/images\/default-avatar.png",
            "level": 1,
            "id": null,
            "created_at": "2025-06-03 12:53:38",
            "updated_at": "2025-06-03 12:53:38"
        },
        {
            "username": "integration_test",
            "email": "integration@test.com",
            "password": "$2y$10$SzByq3AGVMto0biJ0.\/zle7I2m\/m1l6dYMhWsdqUkASleXgb4nqO.",
            "level": 1,
            "id": 1,
            "created_at": "2025-06-03 12:55:32",
            "updated_at": "2025-06-03 12:55:32"
        }
    ]
}